"","FP","YTG","EP_Go_For_It","EP_Alternative","Best_Decision","P_Success"
"1",1,1,0.966633785492365,5.46,"Punt",0.593149598431607
"2",2,1,1.39614708387226,4.74,"Punt",0.594668028106164
"3",3,1,1.45912769057967,5.3,"Punt",0.59618464885992
"4",4,1,1.47642069017191,5.01,"Punt",0.597699433920246
"5",5,1,1.37949406594517,5.07,"Punt",0.599212356651958
"6",6,1,1.50075646782149,5.05,"Punt",0.600723390559047
"7",7,1,1.69700791238497,4.94,"Punt",0.602232509286394
"8",8,1,1.07593692374728,4.64,"Punt",0.603739686621462
"9",9,1,1.45613427116985,4.62,"Punt",0.605244896495961
"10",10,1,1.54209428060273,4.67,"Punt",0.606748112987499
"11",11,1,1.0497085032257,5.09,"Punt",0.6082493103212
"12",12,1,1.21041855824279,4.71,"Punt",0.609748462871311
"13",13,1,1.41744335256314,4.6,"Punt",0.611245545162779
"14",14,1,1.27260240171604,4.99,"Punt",0.612740531872805
"15",15,1,1.5462282658628,5.1,"Punt",0.614233397832379
"16",16,1,1.49383154461062,5.25,"Punt",0.615724118027785
"17",17,1,1.35749590855916,4.84,"Punt",0.617212667602094
"18",18,1,1.31008789348514,4.71,"Punt",0.618699021856621
"19",19,1,1.33227221658406,5.3,"Punt",0.620183156252362
"20",20,1,1.32230138765965,4.97,"Punt",0.621665046411416
"21",21,1,1.55334604734225,4.81,"Punt",0.623144668118368
"22",22,1,1.51132581396654,5.19,"Punt",0.62462199732166
"23",23,1,1.5397414499982,4.79,"Punt",0.626097010134933
"24",24,1,1.16322993285861,4.71,"Punt",0.627569682838342
"25",25,1,1.15894312423903,4.95,"Punt",0.629039991879853
"26",26,1,1.71050295168364,4.81,"Punt",0.630507913876512
"27",27,1,1.72854355719136,4.98,"Punt",0.631973425615685
"28",28,1,1.45095948772343,5.01,"Punt",0.633436504056283
"29",29,1,1.26200664844566,5.01,"Punt",0.634897126329952
"30",30,1,1.36083295465444,5.27,"Punt",0.636355269742246
"31",31,1,1.58353202508476,5.1,"Punt",0.637810911773772
"32",32,1,1.32770782622768,4.75,"Punt",0.639264030081305
"33",33,1,1.47678872373944,5.48,"Punt",0.640714602498889
"34",34,1,1.55162607038901,5.26,"Punt",0.642162607038901
"35",35,1,1.45102765739849,4.49,"Punt",0.643608021893101
"36",36,1,1.9424536800474,4.63,"Punt",0.645050825433643
"37",37,1,1.58984865369298,5.1,"Punt",0.646490996214076
"38",38,1,1.27336798918427,4.89,"Punt",0.647928512970308
"39",39,1,1.47091072033305,4.73,"Punt",0.64936335462155
"40",40,1,1.42144588253877,4.68,"Punt",0.650795500271236
"41",41,1,1.58354904845038,4.58,"Punt",0.652224929207909
"42",42,1,1.46896007442666,4.45,"Punt",0.653651620906093
"43",43,1,1.41466488423877,4.61,"Punt",0.655075555027133
"44",44,1,1.81527221285749,4.68,"Punt",0.656496711420009
"45",45,1,1.5428418250628,4.37,"Punt",0.657915070122128
"46",46,1,1.54857892975931,4.69,"Punt",0.65933061136009
"47",47,1,1.33437973301848,4.22,"Punt",0.660743315550424
"48",48,1,1.55072586155488,4.43,"Punt",0.662153163300305
"49",49,1,1.45811764440175,3.84,"Punt",0.663560135408243
"50",50,1,1.4803060856302,3.84,"Punt",0.664964212864745
"51",51,1,1.53704434692748,4.76,"Punt",0.666365376852954
"52",52,1,1.76237213609393,3.49,"Punt",0.667763608749263
"53",53,1,1.42730852299192,4.37,"Punt",0.6691588901239
"54",54,1,1.61977028171522,4.65,"Punt",0.670551202741494
"55",55,1,1.63390966890586,3.92,"Punt",0.671940528561612
"56",56,1,1.95580585055434,4.49,"Punt",0.673326849739269
"57",57,1,1.32565365950161,4.18,"Punt",0.674710148625419
"58",58,1,1.40029027417838,4.19,"Punt",0.676090407767416
"59",59,1,1.24463122187874,3.96,"Punt",0.677467609909454
"60",60,1,1.97118802377202,-0.565647015903223,"Go For It",0.678841737992977
"61",61,1,1.60974264583171,-0.648964159688199,"Go For It",0.680212775157071
"62",62,1,1.9331225205353,-0.234555548706658,"Go For It",0.681580704738828
"63",63,1,1.89774965376421,-0.130142413812902,"Go For It",0.682945510273684
"64",64,1,1.33350915350127,0.11360196778634,"Go For It",0.684307175495734
"65",65,1,1.53408347075379,0.144141876164067,"Go For It",0.685665684338027
"66",66,1,1.69318672581747,0.327417477152378,"Go For It",0.687021020932829
"67",67,1,1.55489437915751,0.555410047136613,"Go For It",0.68837316961187
"68",68,1,1.79482944698475,0.714884530537268,"Go For It",0.689722114906559
"69",69,1,1.70107464442654,1.08200302936874,"Go For It",0.691067841548183
"70",70,1,1.53556790386376,1.15269131481602,"Go For It",0.692410334468078
"71",71,1,1.49630841012641,1.22315965151539,"Go For It",0.693749578797777
"72",72,1,1.68793677552014,1.3924187894712,"Go For It",0.695085559869135
"73",73,1,1.3791970636441,1.61582929309552,"Field Goal",0.69641826321443
"74",74,1,1.21998580370493,1.61871264563824,"Field Goal",0.697747674566445
"75",75,1,1.60069180533092,1.83112086211831,"Field Goal",0.69907377985852
"76",76,1,1.77858891528251,1.94777553929264,"Field Goal",0.700396565224586
"77",77,1,1.60595895809235,1.9946030920738,"Field Goal",0.701716016999178
"78",78,1,1.47244070154263,2.08762686012466,"Field Goal",0.703032121717417
"79",79,1,1.20614724369601,2.14354946495545,"Field Goal",0.704344866114985
"80",80,1,1.00934698176702,2.26842187206958,"Field Goal",0.705654237128057
"81",81,1,1.6214331903823,2.32963016111345,"Field Goal",0.706960221893233
"82",82,1,1.20148175008557,2.38237793336911,"Field Goal",0.708262807747429
"83",83,1,1.1640738725855,2.39158416698781,"Field Goal",0.70956198222776
"84",84,1,1.65760557752471,2.47865480747917,"Field Goal",0.710857733071398
"85",85,1,2.15768693924229,2.5708319079803,"Field Goal",0.7121500482154
"86",86,1,1.44310454227989,2.5460924339264,"Field Goal",0.71343891579653
"87",87,1,2.15570940371421,2.62553534813085,"Field Goal",0.714724324151046
"88",88,1,1.81805009451583,2.70099649048397,"Field Goal",0.716006261814479
"89",89,1,1.64100683311547,2.69710554084077,"Field Goal",0.717284717521377
"90",90,1,1.65589597966478,2.69724986432855,"Field Goal",0.718559680205043
"91",91,1,1.47240426352394,2.73473328984298,"Field Goal",0.719831138997243
"92",92,1,1.43328725327575,2.77993235806049,"Field Goal",0.721099083227899
"93",93,1,1.97741512738054,2.80074614021375,"Field Goal",0.722363502424761
"94",94,1,1.59628932953263,2.81100153758744,"Field Goal",0.723624386313055
"95",95,1,1.88293079232871,2.83848134419707,"Field Goal",0.724881724815123
"96",96,1,1.51306022486528,2.84362362868056,"Field Goal",0.72613550805003
"97",97,1,2.16290297279835,2.86628625213474,"Field Goal",0.727385726333162
"98",98,1,1.05493499616091,2.87677399943537,"Field Goal",0.728632370175801
"99",99,1,1.64737672539558,2.88179911648303,"Field Goal",0.729875430284683
"100",1,2,0.717478137383295,5.4,"Punt",0.552615511767884
"101",2,2,1.19466703411963,4.59,"Punt",0.554171514892691
"102",3,2,0.917018472105834,5.43,"Punt",0.55572645702171
"103",4,2,0.843327779674953,5.18,"Punt",0.557280308454964
"104",5,2,1.08684259413832,5.24,"Punt",0.558833039577328
"105",6,2,0.825200051256519,4.86,"Punt",0.560384620860739
"106",7,2,0.83369910442553,4.73,"Punt",0.56193502286639
"107",8,2,1.07937468243508,4.76,"Punt",0.563484216246916
"108",9,2,1.18179276291185,5.65,"Punt",0.565032171748555
"109",10,2,1.20685972536028,4.62,"Punt",0.566578860213306
"110",11,2,1.21833691111668,5.07,"Punt",0.568124252581058
"111",12,2,0.904019683729041,5.44,"Punt",0.569668319891713
"112",13,2,1.0980813135939,4.54,"Punt",0.571211033287291
"113",14,2,1.27659698533031,5.26,"Punt",0.572752364014012
"114",15,2,1.38043468937672,5.29,"Punt",0.574292283424373
"115",16,2,0.833733632230061,4.68,"Punt",0.575830762979195
"116",17,2,1.04838868923431,5,"Punt",0.577367774249659
"117",18,2,0.786965093611853,5.07,"Punt",0.578903288919328
"118",19,2,1.33402526131577,4.34,"Punt",0.580437278786143
"119",20,2,1.00707290544657,4.8,"Punt",0.581969715764406
"120",21,2,1.14748063308439,4.17,"Punt",0.58350057188674
"121",22,2,1.01234014184773,5.19,"Punt",0.585029819306036
"122",23,2,1.12836447170054,4.88,"Punt",0.586557430297378
"123",24,2,0.556740432237854,4.78,"Punt",0.588083377259945
"124",25,2,1.41537643450234,5.16,"Punt",0.589607632718898
"125",26,2,1.49351915094069,5.02,"Punt",0.59113016932725
"126",27,2,1.16758043636831,5.22,"Punt",0.592650959867703
"127",28,2,1.10562368005082,5.18,"Punt",0.59416997725448
"128",29,2,1.01005251231296,4.87,"Punt",0.595687194535129
"129",30,2,1.20731265987256,4.73,"Punt",0.597202584892302
"130",31,2,1.19123824915649,5.33,"Punt",0.598716121645522
"131",32,2,1.01020489348829,5.18,"Punt",0.600227778252922
"132",33,2,1.07944662670227,5.1,"Punt",0.601737528312966
"133",34,2,1.19451836257278,4.66,"Punt",0.603245345566145
"134",35,2,1.21228571468023,5.05,"Punt",0.604751203896655
"135",36,2,1.48492445323363,4.96,"Punt",0.606255077334048
"136",37,2,0.574510585098732,4.73,"Punt",0.607756940054866
"137",38,2,1.32966157765884,4.61,"Punt",0.60925676638425
"138",39,2,1.062513215747,4.11,"Punt",0.610754530797522
"139",40,2,1.46699208753442,4.77,"Punt",0.612250207921755
"140",41,2,1.270518579188,4.56,"Punt",0.613743772537307
"141",42,2,1.49690313161252,4.63,"Punt",0.61523519957934
"142",43,2,1.23874290746899,4.66,"Punt",0.616724464139317
"143",44,2,1.41339349212861,4.79,"Punt",0.618211541466465
"144",45,2,1.21541871643783,4.46,"Punt",0.619696406969229
"145",46,2,1.30668119580952,4.61,"Punt",0.621179036216688
"146",47,2,1.1424366636212,4.49,"Punt",0.622659404939959
"147",48,2,0.771065027289087,3.79,"Punt",0.624137489033568
"148",49,2,1.14475386001108,4.43,"Punt",0.6256132645568
"149",50,2,1.08240719179219,3.74,"Punt",0.62708670773503
"150",51,2,0.724738394110464,3.68,"Punt",0.628557794961018
"151",52,2,1.24734303064105,4.47,"Punt",0.630026502796189
"152",53,2,1.59169696649496,3.79,"Punt",0.631492807971886
"153",54,2,1.79323730703207,3.97,"Punt",0.632956687390598
"154",55,2,1.08579065874582,3.57,"Punt",0.63441811812716
"155",56,2,1.11518306655634,4.62,"Punt",0.635877077429933
"156",57,2,1.1201619975675,3.96,"Punt",0.63733354272196
"157",58,2,1.38509916618882,4.63,"Punt",0.638787491602086
"158",59,2,1.42215011661461,4.66,"Punt",0.640238901846068
"159",60,2,0.843036168541601,-0.908136795062349,"Go For It",0.641687751407651
"160",61,2,0.991891113328596,-0.569253777559088,"Go For It",0.643134018419617
"161",62,2,1.44348797135077,-0.201209615214836,"Go For It",0.644577681194818
"162",63,2,1.64956774381853,-0.0636268875193784,"Go For It",0.646018718227172
"163",64,2,1.41711397373379,0.285760226052891,"Go For It",0.647457108192644
"164",65,2,1.12990438262336,0.236486989150378,"Go For It",0.648892829950195
"165",66,2,1.47920648742025,0.477133065440624,"Go For It",0.650325862542708
"166",67,2,1.46545442974143,0.848405695240094,"Go For It",0.65175618519789
"167",68,2,1.21478134705546,0.890451625429963,"Go For It",0.653183777329144
"168",69,2,1.08769665176428,0.922169948482805,"Go For It",0.654608618536421
"169",70,2,1.11949000733656,1.10820606130715,"Go For It",0.656030688607044
"170",71,2,1.45069018523493,1.2921631601944,"Go For It",0.657449967516505
"171",72,2,1.40558579399494,1.43800987189064,"Field Goal",0.658866435429239
"172",73,2,0.83994140776677,1.60309710525278,"Field Goal",0.660280072699374
"173",74,2,0.834023545212208,1.62037885475086,"Field Goal",0.661690859871451
"174",75,2,0.80125801135328,1.75644670598246,"Field Goal",0.663098777681121
"175",76,2,1.31265639545363,1.88096763702551,"Field Goal",0.664503807055819
"176",77,2,1.39688227889867,2.07965560827463,"Field Goal",0.665905929115409
"177",78,2,0.906167509169295,2.01246303998284,"Field Goal",0.667305125172805
"178",79,2,1.24554877609679,2.1624881745756,"Field Goal",0.668701376734568
"179",80,2,0.941366189338525,2.2167810630392,"Field Goal",0.670094665501478
"180",81,2,1.40741213795172,2.28794913486143,"Field Goal",0.671484973369077
"181",82,2,1.3777919819177,2.35007882019071,"Field Goal",0.672872282428193
"182",83,2,1.32118088720617,2.47084961002109,"Field Goal",0.674256574965432
"183",84,2,0.98963595792036,2.44954744561386,"Field Goal",0.675637833463655
"184",85,2,1.07438629029405,2.52574876598096,"Field Goal",0.677016040602417
"185",86,2,1.41662628926647,2.59958679118829,"Field Goal",0.678391179258396
"186",87,2,1.51995196117501,2.64756268059374,"Field Goal",0.679763232505782
"187",88,2,0.669472641137232,2.64214775344464,"Field Goal",0.681132183616655
"188",89,2,1.42723154937039,2.69046140431728,"Field Goal",0.682498016061332
"189",90,2,1.09286663519568,2.69477987487668,"Field Goal",0.683860713508689
"190",91,2,1.63719312811146,2.74428671277781,"Field Goal",0.68522025982646
"191",92,2,1.27576004263052,2.76642951318953,"Field Goal",0.686576639081513
"192",93,2,1.0237825527529,2.79193647671214,"Field Goal",0.687929835540102
"193",94,2,1.38380327639971,2.81473945526186,"Field Goal",0.689279833668091
"194",95,2,1.22026307449978,2.84500947761283,"Field Goal",0.690626618131161
"195",96,2,1.35706021375434,2.85444092621115,"Field Goal",0.691970173794987
"196",97,2,1.59338271924852,2.86320844208158,"Field Goal",0.693310485725396
"197",98,2,1.47281350708785,2.8721530244142,"Field Goal",0.694647539188498
"198",1,3,0.693925600904852,5.56,"Punt",0.511369820449586
"199",2,3,0.890014154906888,5.42,"Punt",0.512942841753751
"200",3,3,0.647076252533497,4.94,"Punt",0.514515606722176
"201",4,3,0.603827473245123,5.53,"Punt",0.516088084255607
"202",5,3,0.707065901405617,5.09,"Punt",0.517660243277549
"203",6,3,0.72328112886939,5.08,"Punt",0.51923205273672
"204",7,3,0.771592901209687,4.68,"Punt",0.520803481609491
"205",8,3,0.71464905471493,5.39,"Punt",0.52237449890234
"206",9,3,0.791674451103908,5.09,"Punt",0.523945073654288
"207",10,3,0.841775951996439,5.08,"Punt",0.52551517493933
"208",11,3,0.739033794538475,5.03,"Punt",0.527084771868865
"209",12,3,0.949919112456602,4.86,"Punt",0.528653833594119
"210",13,3,0.795543109967942,5.13,"Punt",0.530222329308558
"211",14,3,0.87073555924778,5.9,"Punt",0.531790228250294
"212",15,3,0.666899872148335,5.29,"Punt",0.533357499704491
"213",16,3,0.433653271976597,5.46,"Punt",0.534924113005752
"214",17,3,0.687680537113736,5.27,"Punt",0.536490037540505
"215",18,3,1.10624989057679,5.34,"Punt",0.538055242749381
"216",19,3,0.564992495241007,4.92,"Punt",0.539619698129577
"217",20,3,0.556294173713429,4.88,"Punt",0.541183373237213
"218",21,3,0.330065967966834,4.76,"Punt",0.542746237689684
"219",22,3,1.02029449841561,4.15,"Punt",0.544308261167992
"220",23,3,0.489657157935229,4.8,"Punt",0.545869413419075
"221",24,3,0.686432452186307,4.9,"Punt",0.547429664258121
"222",25,3,0.90813247965175,4.59,"Punt",0.548988983570876
"223",26,3,0.377508173040773,5.23,"Punt",0.550547341315931
"224",27,3,0.60320059030214,5.34,"Punt",0.552104707527008
"225",28,3,0.60802475478181,4.74,"Punt",0.553661052315225
"226",29,3,0.743206727887769,4.74,"Punt",0.55521634587135
"227",30,3,0.643710691313664,4.98,"Punt",0.556770558468049
"228",31,3,0.300235443876532,5.4,"Punt",0.558323660462108
"229",32,3,0.643966173182803,4.6,"Punt",0.559875622296654
"230",33,3,1.00932391933941,5.14,"Punt",0.56142641450335
"231",34,3,0.456936391806748,4.59,"Punt",0.562976007704587
"232",35,3,0.684750210196194,5.15,"Punt",0.56452437261565
"233",36,3,0.719000490046306,4.56,"Punt",0.566071480046881
"234",37,3,1.02264954887695,4.22,"Punt",0.567617300905811
"235",38,3,0.594474186181833,4.65,"Punt",0.569161806199294
"236",39,3,0.798970292771881,4.34,"Punt",0.57070496703561
"237",40,3,0.861194429644623,4.5,"Punt",0.572246754626558
"238",41,3,0.8222884757361,4.68,"Punt",0.573787140289534
"239",42,3,0.662727251454758,4.31,"Punt",0.57532609544959
"240",43,3,0.295607771268703,4.81,"Punt",0.576863591641471
"241",44,3,0.785668073029439,4.45,"Punt",0.578399600511642
"242",45,3,0.709373891292783,4.44,"Punt",0.579934093820293
"243",46,3,0.548153070957798,4.48,"Punt",0.581467043443326
"244",47,3,0.77346490833855,4.09,"Punt",0.582998421374325
"245",48,3,0.628576411464694,4.46,"Punt",0.584528199726504
"246",49,3,0.323069133398265,4.32,"Punt",0.586056350734639
"247",50,3,1.03407681063468,4.27,"Punt",0.587582846756981
"248",51,3,1.43914614731881,4.46,"Punt",0.589107660277147
"249",52,3,0.330646259183561,4.08,"Punt",0.590630763905989
"250",53,3,0.840700897781465,4.41,"Punt",0.592152130383454
"251",54,3,0.366526140304462,3.57,"Punt",0.59367173258041
"252",55,3,1.08261700347949,4.67,"Punt",0.595189543500456
"253",56,3,0.921625044517428,3.74,"Punt",0.596705536281717
"254",57,3,0.671389653573045,4.05,"Punt",0.598219684198611
"255",58,3,0.793410740010372,4.42,"Punt",0.5997319606636
"256",59,3,0.848845621468375,4.05,"Punt",0.601242339228909
"257",60,3,0.606537078807111,-0.645404909680006,"Go For It",0.602750793588241
"258",61,3,1.21116992730739,-0.631250741437286,"Go For It",0.604257297578454
"259",62,3,1.02473733922161,-0.222050823647225,"Go For It",0.605761825181222
"260",63,3,0.596468807300796,-0.114491701743838,"Go For It",0.607264350524677
"261",64,3,0.727616648823122,0.0403431344814249,"Go For It",0.608764847885023
"262",65,3,0.854061726442527,0.393815700164094,"Go For It",0.61026329168813
"263",66,3,0.626303861287937,0.34971554349318,"Go For It",0.611759656511105
"264",67,3,1.20685189892975,0.759619135208736,"Go For It",0.613253917083838
"265",68,3,0.724023011999366,0.797181606268219,"Field Goal",0.614746048290531
"266",69,3,0.875755158371206,0.980521708171322,"Field Goal",0.616236025171194
"267",70,3,1.33283337329435,1.15034998568397,"Go For It",0.617723822923127
"268",71,3,0.599076846290368,1.27922500231709,"Field Goal",0.619209416902372
"269",72,3,0.756925105367549,1.43206320896636,"Field Goal",0.620692782625142
"270",73,3,0.793999841076944,1.55762500581439,"Field Goal",0.622173895769233
"271",74,3,1.13728179173577,1.7086879377197,"Field Goal",0.623652732175399
"272",75,3,1.12124097134768,1.7991176523458,"Field Goal",0.625129267848717
"273",76,3,0.822733050119189,1.86844115535042,"Field Goal",0.626603478959915
"274",77,3,0.687063008250839,2.00475861639629,"Field Goal",0.628075341846686
"275",78,3,0.71665356550311,2.08878322658838,"Field Goal",0.629544833014973
"276",79,3,0.767929986672882,2.15301881976552,"Field Goal",0.631011929140226
"277",80,3,0.801777797588638,2.27989760740967,"Field Goal",0.63247660706864
"278",81,3,0.715364520330845,2.28360736129352,"Field Goal",0.633938843818368
"279",82,3,0.915348816014099,2.3587444359215,"Field Goal",0.635398616580703
"280",83,3,0.598017534219046,2.42371880605535,"Field Goal",0.636855902721241
"281",84,3,0.952458253985378,2.48771043117059,"Field Goal",0.638310679781019
"282",85,3,0.850661587808166,2.5362876822925,"Field Goal",0.639762925477624
"283",86,3,0.525034821127125,2.55986325856808,"Field Goal",0.641212617706277
"284",87,3,0.625378026795651,2.61116969652461,"Field Goal",0.642659734540901
"285",88,3,0.304383884218714,2.64171504214288,"Field Goal",0.644104254235146
"286",89,3,0.599281781667377,2.67834562595091,"Field Goal",0.645546155223408
"287",90,3,0.683509099649818,2.72900687156681,"Field Goal",0.646985416121812
"288",91,3,0.490872085809366,2.72868278865092,"Field Goal",0.648422015729166
"289",92,3,1.05920771926029,2.77677211777154,"Field Goal",0.649855933027902
"290",93,3,0.794610067608549,2.79064093796191,"Field Goal",0.651287147184983
"291",94,3,1.19289121111852,2.81520669497116,"Field Goal",0.652715637552783
"292",95,3,0.849603763723139,2.82963677634345,"Field Goal",0.654141383669949
"293",96,3,0.73896641430763,2.84760894882341,"Field Goal",0.655564365262231
"294",97,3,1.04233553713905,2.86868010439832,"Field Goal",0.656984562243289
"295",1,4,-0.36017614582099,4.81,"Punt",0.469968726407589
"296",2,4,0.0633516152316349,5,"Punt",0.471537292724574
"297",3,4,0.436882048566559,4.97,"Punt",0.47310642130161
"298",4,4,0.329929250978902,4.92,"Punt",0.474676081326888
"299",5,4,0.490040200425995,5.05,"Punt",0.476246241946652
"300",6,4,0.299260286542333,4.38,"Punt",0.477816872267614
"301",7,4,0.0780486281295731,5.2,"Punt",0.47938794135938
"302",8,4,0.627111517772411,4.73,"Punt",0.480959418256873
"303",9,4,-0.135188236101355,4.9,"Punt",0.482531271962775
"304",10,4,0.313607785040633,5.01,"Punt",0.484103471449957
"305",11,4,0.418205663090565,4.59,"Punt",0.485675985663933
"306",12,4,0.182151734198949,5.53,"Punt",0.487248783525305
"307",13,4,0.125565754196385,4.97,"Punt",0.488821833932215
"308",14,4,0.395679938590761,4.85,"Punt",0.490395105762807
"309",15,4,0.264504538050223,5.22,"Punt",0.491968567877683
"310",16,4,0.290818966736702,4.77,"Punt",0.493542189122372
"311",17,4,0.376336488668329,5.32,"Punt",0.495115938329791
"312",18,4,0.560539080472164,5.12,"Punt",0.496689784322715
"313",19,4,0.279043365470336,5.13,"Punt",0.49826369591625
"314",20,4,0.163417008722923,4.72,"Punt",0.4998376419203
"315",21,4,0.148734781812067,4.56,"Punt",0.501411591142042
"316",22,4,0.393869904795807,4.6,"Punt",0.502985512388398
"317",23,4,0.0421286200890085,4.64,"Punt",0.504559374468507
"318",24,4,0.413816872021556,5.02,"Punt",0.5061331461962
"319",25,4,0.44383110943983,5.06,"Punt",0.507706796392467
"320",26,4,0.321295374458271,4.95,"Punt",0.509280293887931
"321",27,4,0.118116612028854,4.59,"Punt",0.510853607525316
"322",28,4,0.821036118017034,4.71,"Punt",0.512426706161913
"323",29,4,0.36317564409309,4.46,"Punt",0.513999558672046
"324",30,4,0.318591992150812,4.73,"Punt",0.515572133949529
"325",31,4,0.307385600355004,5.05,"Punt",0.517144400910131
"326",32,4,0.314489590257691,4.96,"Punt",0.518716328494024
"327",33,4,0.315241431545494,4.76,"Punt",0.520287885668236
"328",34,4,0.440776318433894,5.17,"Punt",0.521859041429098
"329",35,4,0.208993502057774,4.94,"Punt",0.523429764804683
"330",36,4,0.566000244595258,4.8,"Punt",0.525000024857242
"331",37,4,0.173572323601473,5.31,"Punt",0.526569790685632
"332",38,4,0.664074166106249,4.62,"Punt",0.528139031427746
"333",39,4,0.429796375432034,4.67,"Punt",0.529707716262923
"334",40,4,0.630556446215695,5.24,"Punt",0.531275814414359
"335",41,4,0.145589656363649,5.15,"Punt",0.532843295151517
"336",42,4,0.0796490242522574,4.71,"Punt",0.534410127792511
"337",43,4,0.5744764131258,4.55,"Punt",0.535976281706504
"338",44,4,0.850520148213267,5.2,"Punt",0.537541726316079
"339",45,4,0.689164709580318,4.27,"Punt",0.53910643109961
"340",46,4,0.351488029268199,4.7,"Punt",0.540670365593625
"341",47,4,0.886994894314439,4.46,"Punt",0.542233499395153
"342",48,4,0.220074777251149,3.48,"Punt",0.543795802164068
"343",49,4,0.253615249058982,3.48,"Punt",0.545357243625416
"344",50,4,0.435102597645847,4.09,"Punt",0.546917793571737
"345",51,4,0.397654863187345,4.22,"Punt",0.548477421865369
"346",52,4,0.392333549592518,4.48,"Punt",0.550036098440749
"347",53,4,0.328358243401614,4.19,"Punt",0.551593793306695
"348",54,4,0.684910251190329,4.02,"Punt",0.553150476548679
"349",55,4,0.362202166279373,4.33,"Punt",0.554706118331086
"350",56,4,0.327534875874108,4.29,"Punt",0.556260688899463
"351",57,4,0.282639993588036,4.04,"Punt",0.557814158582747
"352",58,4,0.647886703726491,4.66,"Punt",0.559366497795491
"353",59,4,0.528235340947008,4.73,"Punt",0.560917677040065
"354",60,4,0.50220382888504,-0.589105219955219,"Go For It",0.562467666908847
"355",61,4,-0.0751995642766925,-0.799528214820965,"Go For It",0.564016438086404
"356",62,4,0.223997522694953,-0.580519608684303,"Go For It",0.565563961351649
"357",63,4,0.747075463345071,-0.087102955622975,"Go For It",0.567110207579987
"358",64,4,0.622043889274106,0.0293543094856876,"Go For It",0.568655147745447
"359",65,4,0.627835113016009,0.486160813150406,"Go For It",0.570198752922796
"360",66,4,-0.0154815664755001,0.238225211789168,"Field Goal",0.571740994289636
"361",67,4,0.292208403843524,0.68858988718365,"Field Goal",0.573281843128486
"362",68,4,0.61073058120556,0.783465426979727,"Field Goal",0.574821270828844
"363",69,4,0.434869164892079,1.01857720362036,"Field Goal",0.57635924888924
"364",70,4,0.0348300803597557,1.09884074477897,"Field Goal",0.577895748919255
"365",71,4,0.6715066664909,1.2921631601944,"Field Goal",0.579430742641544
"366",72,4,0.468690229032908,1.34088104412749,"Field Goal",0.580964201893822
"367",73,4,0.59818938049957,1.59582156934263,"Field Goal",0.58249609863084
"368",74,4,0.438084509617951,1.67203133724207,"Field Goal",0.584026404926345
"369",75,4,0.238018123758602,1.78844991575497,"Field Goal",0.585555092975012
"370",76,4,0.538064431532302,1.93664088891479,"Field Goal",0.587082135094365
"371",77,4,0.907783911707784,1.99841141369473,"Field Goal",0.588607503726679
"372",78,4,0.133798906969361,2.04484130096701,"Field Goal",0.590131171440849
"373",79,4,0.53629371617374,2.17616613152348,"Field Goal",0.59165311093426
"374",80,4,0.549555905126795,2.23016942093597,"Field Goal",0.593173295034618
"375",81,4,0.449499263107512,2.32615674225911,"Field Goal",0.594691696701771
"376",82,4,1.03590291156089,2.39813359833419,"Field Goal",0.596208289029505
"377",83,4,0.357761592431059,2.46942140384031,"Field Goal",0.597723045247323
"378",84,4,0.365260979529776,2.48771043117059,"Field Goal",0.599235938722197
"379",85,4,0.761200530137314,2.52984723343545,"Field Goal",0.600746942960302
"380",86,4,0.16131949870252,2.54821102233282,"Field Goal",0.602256031608732
"381",87,4,0.471411509282118,2.60686000104274,"Field Goal",0.603763178457186
"382",88,4,0.585309849807935,2.66032162811855,"Field Goal",0.605268357439636
"383",89,4,0.347350176281973,2.68147227843255,"Field Goal",0.606771542635979
"384",90,4,0.372069839077847,2.72547831520701,"Field Goal",0.608272708273654
"385",91,4,0.584291697458224,2.74364981791548,"Field Goal",0.609771828729245
"386",92,4,0.293560089934923,2.77332458291087,"Field Goal",0.611268878530062
"387",93,4,0.44164032114257,2.78986361471177,"Field Goal",0.612763832355692
"388",94,4,0.530301851566899,2.80913257875024,"Field Goal",0.614256665039536
"389",95,4,0.971221730779162,2.83111087098572,"Field Goal",0.615747351570315
"390",96,4,0.708569977260688,2.84874761172136,"Field Goal",0.617235867093553
"391",1,5,-0.22204937241697,5.23,"Punt",0.428976839334406
"392",2,5,-0.0486730618392945,5.07,"Punt",0.430519719215264
"393",3,5,-0.152783175500828,5.13,"Punt",0.432063949501017
"394",4,5,-0.0324730629116656,4.78,"Punt",0.433609501321129
"395",5,5,0.346493070840606,4.82,"Punt",0.435156345703208
"396",6,5,-0.395038298432369,5.09,"Punt",0.436704453575101
"397",7,5,-0.0367554257686185,5.4,"Punt",0.438253795767027
"398",8,5,-0.0549061289204831,5.07,"Punt",0.439804343013706
"399",9,5,0.218191111863415,4.44,"Punt",0.441356065956515
"400",10,5,-0.199979532287148,4.94,"Punt",0.442908935145658
"401",11,5,0.112379458070362,4.99,"Punt",0.444462921042346
"402",12,5,0.418108963857168,5.1,"Punt",0.446017994020998
"403",13,5,0.238855798401049,5.17,"Punt",0.447574124371451
"404",14,5,-0.161192982546164,5.49,"Punt",0.449131282301188
"405",15,5,-0.154357107976213,4.76,"Punt",0.450689437937574
"406",16,5,0.34234416353015,5.05,"Punt",0.452248561330113
"407",17,5,-0.431265363231282,5.27,"Punt",0.45380862245271
"408",18,5,-0.308451924422862,5.23,"Punt",0.455369591205952
"409",19,5,-0.140012715767364,4.39,"Punt",0.456931437419395
"410",20,5,-0.148813515386941,5.24,"Punt",0.458494130853868
"411",21,5,-0.203446644443654,4.43,"Punt",0.460057641203786
"412",22,5,-0.0169051237219464,4.91,"Punt",0.461621938099475
"413",23,5,0.00616649696278948,4.49,"Punt",0.463186991109506
"414",24,5,-0.0373813813231374,5.4,"Punt",0.46475276974304
"415",25,5,-0.220745029299578,5.54,"Punt",0.466319243452181
"416",26,5,-0.156453475821611,4.89,"Punt",0.467886381634349
"417",27,5,-0.105458463653585,4.94,"Punt",0.469454153634641
"418",28,5,0.148623209309006,4.95,"Punt",0.471022528748227
"419",29,5,-0.202781277303942,5.37,"Punt",0.472591476222729
"420",30,5,-0.245651996823087,4.87,"Punt",0.474160965260627
"421",31,5,-0.0193920762041668,5.41,"Punt",0.475730965021663
"422",32,5,-0.193820391630091,5.22,"Punt",0.477301444625256
"423",33,5,0.276330292255563,4.92,"Punt",0.478872373152919
"424",34,5,-0.115171677886133,5.4,"Punt",0.480443719650688
"425",35,5,-0.346321385409948,5.42,"Punt",0.482015453131555
"426",36,5,0.186531924075939,4.85,"Punt",0.483587542577905
"427",37,5,-0.0734576017128608,5.39,"Punt",0.485159956943959
"428",38,5,-0.337540675069365,5.09,"Punt",0.486732665158222
"429",39,5,0.332411852358604,5.04,"Punt",0.488305636125935
"430",40,5,0.382027158921253,4.98,"Punt",0.489878838731534
"431",41,5,0.00606101487966537,4.47,"Punt",0.491452241841106
"432",42,5,-0.0895112176801005,4.59,"Punt",0.493025814304854
"433",43,5,0.110099610626334,5,"Punt",0.49459952495956
"434",44,5,-0.0350521814995259,3.87,"Punt",0.496173342631056
"435",45,5,-0.347640276826243,5.04,"Punt",0.497747236136692
"436",46,5,0.463171013335333,3.94,"Punt",0.499321174287806
"437",47,5,-0.0768812081577592,4.89,"Punt",0.500895125892199
"438",48,5,0.123801736053637,3.58,"Punt",0.502469059756601
"439",49,5,-0.352238896603302,4.45,"Punt",0.504042944689154
"440",50,5,0.101898765397324,4.37,"Punt",0.505616749501875
"441",51,5,0.139172061786335,4.34,"Punt",0.507190443013133
"442",52,5,0.223608503238122,4.23,"Punt",0.508763994050118
"443",53,5,-0.0260060431998128,3.98,"Punt",0.510337371451311
"444",54,5,-0.0682790966332316,4.13,"Punt",0.511910544068952
"445",55,5,0.185666040790412,4.57,"Punt",0.513483480771503
"446",56,5,0.105473883662242,4.42,"Punt",0.515056150446114
"447",57,5,-0.263181594130171,3.7,"Punt",0.516628522001077
"448",58,5,-0.0416344691908006,3.7,"Punt",0.518200564368286
"449",59,5,0.0598135664546025,4.33,"Punt",0.519772246505688
"450",60,5,-0.0562287416527809,-0.940978280735142,"Go For It",0.521343537399729
"451",61,5,-0.00581476998711761,-0.697676059878212,"Go For It",0.522914406067797
"452",62,5,-0.0667626862147794,-0.405453457852242,"Go For It",0.52448482156066
"453",63,5,-0.312182265213459,-0.0166747513121848,"Field Goal",0.526054752964897
"454",64,5,0.0115732347613839,0.0403431344814249,"Field Goal",0.527624169405325
"455",65,5,0.0461661588485458,0.277529261588739,"Field Goal",0.529193040047415
"456",66,5,-0.0249206194397393,0.442093246905077,"Field Goal",0.530761334099709
"457",67,5,-0.148888165776422,0.673792127178423,"Field Goal",0.532329020816223
"458",68,5,-0.0218016368263565,0.731343945683459,"Field Goal",0.533896069498845
"459",69,5,0.0673536659524721,1.02111423665029,"Field Goal",0.535462449499722
"460",70,5,0.348804986706754,1.19483523919284,"Field Goal",0.537028130223647
"461",71,5,0.259001157247748,1.25334868656246,"Field Goal",0.538593081130427
"462",72,5,0.21944689998268,1.46377874456249,"Field Goal",0.540157271737248
"463",73,5,0.260981018439743,1.47213745887022,"Field Goal",0.541720671621028
"464",74,5,0.545519204039318,1.72201761062066,"Field Goal",0.543283250420762
"465",75,5,0.105733861860373,1.85398029767011,"Field Goal",0.544844977839855
"466",76,5,-0.0293539565424354,1.87261664924212,"Field Goal",0.546405823648444
"467",77,5,0.379642573746544,2.02253078396064,"Field Goal",0.547965757685711
"468",78,5,-0.0515633886783391,2.10381599061674,"Field Goal",0.549524749862183
"469",79,5,0.108537279401907,2.15827957243779,"Field Goal",0.551082770162018
"470",80,5,0.212446002697964,2.23399466604933,"Field Goal",0.552639788645287
"471",81,5,0.212342401507072,2.32963016111345,"Field Goal",0.554195775450233
"472",82,5,-0.126066354023269,2.36977340139706,"Field Goal",0.555750700795522
"473",83,5,-0.117741690917268,2.39729699171093,"Field Goal",0.557304534982485
"474",84,5,-0.162067678558536,2.48965092196161,"Field Goal",0.558857248397336
"475",85,5,0.0363280433605331,2.54331362650019,"Field Goal",0.560408811513387
"476",86,5,-0.0893125506246952,2.5646300824825,"Field Goal",0.561959194893243
"477",87,5,0.473238565188702,2.64181641995125,"Field Goal",0.563508369190979
"478",88,5,0.285432646759799,2.6512346907816,"Field Goal",0.565056305154313
"479",89,5,0.4034038331464,2.69124306743769,"Field Goal",0.566602973626752
"480",90,5,0.138098130156994,2.7127755123117,"Field Goal",0.56814834554973
"481",91,5,0.425530071807971,2.73696242186111,"Field Goal",0.569692391964727
"482",92,5,0.410790697284143,2.75034101717306,"Field Goal",0.571235084015369
"483",93,5,0.364610146519824,2.80230078671403,"Field Goal",0.572776392949521
"484",94,5,0.234054696710859,2.82361700973859,"Field Goal",0.574316290121352
"485",95,5,0.0715175267979764,2.82458273756996,"Field Goal",0.575854746993388
"486",1,6,-0.2323266351734,5.52,"Punt",0.388936730098261
"487",2,6,-0.374102252478132,4.79,"Punt",0.390434065963286
"488",3,6,-0.601906056790089,4.77,"Punt",0.391933468991489
"489",4,6,-0.578924000962634,4.58,"Punt",0.393434913689371
"490",5,6,-0.454895303171111,4.42,"Punt",0.394938374412928
"491",6,6,-0.406085237376333,4.87,"Punt",0.396443825369228
"492",7,6,-0.408336396468773,4.78,"Punt",0.397951240618014
"493",8,6,-0.249091991947702,5.28,"Punt",0.399460594073337
"494",9,6,-0.315117204122501,4.96,"Punt",0.400971859505197
"495",10,6,-0.223982806604778,5.03,"Punt",0.402485010541221
"496",11,6,-0.514399816051647,5.22,"Punt",0.404000020668354
"497",12,6,-0.114127556359461,4.8,"Punt",0.405516863234573
"498",13,6,-0.730147612822164,5.29,"Punt",0.407035511450623
"499",14,6,-0.31147777660759,4.8,"Punt",0.408555938391781
"500",15,6,-0.291382104773438,5.03,"Punt",0.410078116999626
"501",16,6,-0.66088569804034,5.53,"Punt",0.411602020083848
"502",17,6,-0.592893778311684,4.8,"Punt",0.413127620324063
"503",18,6,-1.01368400543946,5.1,"Punt",0.414654890271656
"504",19,6,-0.419200919540677,5.02,"Punt",0.416183802351646
"505",20,6,-0.641845275447409,5.12,"Punt",0.417714328864562
"506",21,6,-0.423619085751655,5.17,"Punt",0.419246441988345
"507",22,6,-0.507290333878827,5.36,"Punt",0.420780113780275
"508",23,6,0.00904424185970409,4.9,"Punt",0.422315316178902
"509",24,6,-0.393478492836431,5.02,"Punt",0.423852021006012
"510",25,6,-0.416632846291064,4.91,"Punt",0.425390199968602
"511",26,6,0.00156403603167909,5.4,"Punt",0.426929824660872
"512",27,6,-0.296574090858579,5.38,"Punt",0.428470866566248
"513",28,6,-0.464873677935656,5.13,"Punt",0.430013297059405
"514",29,6,-0.553248496821455,5.43,"Punt",0.43155708740832
"515",30,6,-0.140246530693981,4.9,"Punt",0.433102208776339
"516",31,6,-0.257736905725945,4.57,"Punt",0.434648632224262
"517",32,6,-0.133999905192365,4.93,"Punt",0.436196328712437
"518",33,6,0.161751657606947,4.92,"Punt",0.437745269102884
"519",34,6,-0.447972582036726,5.21,"Punt",0.439295424161422
"520",35,6,-0.655504930808131,4.97,"Punt",0.440846764559819
"521",36,6,-0.565134674272056,5.09,"Punt",0.442399260877956
"522",37,6,-0.570707296758641,5.13,"Punt",0.443952883606005
"523",38,6,-0.0662051850372571,4.97,"Punt",0.44550760314662
"524",39,6,-0.509130396744967,5.14,"Punt",0.447063389817149
"525",40,6,-0.482969989792604,5.5,"Punt",0.448620213851851
"526",41,6,-0.184856640919858,5.01,"Punt",0.450178045404132
"527",42,6,-0.319812515605205,5.18,"Punt",0.451736854548798
"528",43,6,-0.641814057250446,4.84,"Punt",0.453296611284308
"529",44,6,-0.0994156276177058,4.35,"Punt",0.454857285535056
"530",45,6,-0.608902626267003,3.97,"Punt",0.456418847153652
"531",46,6,-0.491614601595554,4.45,"Punt",0.457981265923224
"532",47,6,-0.335654676945911,4.81,"Punt",0.459544511559723
"533",48,6,-0.480470120708954,4.48,"Punt",0.461108553714248
"534",49,6,-0.5184832620932,4.5,"Punt",0.462673361975375
"535",50,6,-0.672214011275769,4.43,"Punt",0.464238905871501
"536",51,6,-0.254721801935652,4.34,"Punt",0.465805154873192
"537",52,6,-0.390829437193017,4.35,"Punt",0.467372078395551
"538",53,6,-0.160883802208078,3.91,"Punt",0.468939645800582
"539",54,6,-0.569626814268258,4.2,"Punt",0.470507826399574
"540",55,6,-0.181467978288699,3.9,"Punt",0.472076589455486
"541",56,6,-0.198270138983589,4.2,"Punt",0.473645904185348
"542",57,6,-0.888715574038123,3.91,"Punt",0.475215739762659
"543",58,6,-0.163871387859225,3.68,"Punt",0.476786065319803
"544",59,6,-0.32474419946861,4.48,"Punt",0.478356849950464
"545",60,6,-0.170665419913524,-0.570338656713622,"Go For It",0.479928062712052
"546",61,6,-0.139462998726311,-0.34340769485994,"Go For It",0.481499672628132
"547",62,6,-0.289960647143723,-0.392948732792808,"Go For It",0.483071648690864
"548",63,6,-0.567043371263172,-0.149705803899233,"Field Goal",0.484643959863441
"549",64,6,-0.441569807772039,0.168546092765026,"Field Goal",0.486216575082535
"550",65,6,-0.331610625859813,0.267268693479149,"Field Goal",0.487789463260753
"551",66,6,-0.517225897337771,0.454834999099821,"Field Goal",0.489362593289084
"552",67,6,-0.509023891455077,0.614601087157518,"Field Goal",0.490935934039366
"553",68,6,-0.457883009011605,0.736830417398855,"Field Goal",0.492509454366742
"554",69,6,-0.636920355661353,0.871429287884095,"Field Goal",0.494083123112125
"555",70,6,-0.362562290774227,1.07542745345851,"Field Goal",0.495656909104671
"556",71,6,-0.371224502374669,1.25766140585489,"Field Goal",0.497230781164238
"557",72,6,-0.0118333897717355,1.42413432506733,"Field Goal",0.498804708103865
"558",73,6,0.128850959306891,1.55216835388178,"Field Goal",0.500378658732241
"559",74,6,-0.230200617178377,1.61371401830038,"Field Goal",0.501952601856176
"560",75,6,-0.476568720436449,1.74273104465138,"Field Goal",0.503526506283075
"561",76,6,-0.0925141609409867,1.98396315302067,"Field Goal",0.505100340823411
"562",77,6,-0.374733109132437,1.99079477045287,"Field Goal",0.506674074293196
"563",78,6,-0.483925349673251,2.01940123876516,"Field Goal",0.508247675516455
"564",79,6,-0.289056490585591,2.15722742190333,"Field Goal",0.50982111332769
"565",80,6,-0.40448825812147,2.2215626194309,"Field Goal",0.511394356574355
"566",81,6,-0.508884725725568,2.2792655877256,"Field Goal",0.512967374119318
"567",82,6,-0.26864622821151,2.39025576585165,"Field Goal",0.514540134843325
"568",83,6,-0.236920044090567,2.4415713833151,"Field Goal",0.516112607647459
"569",84,6,-0.750129756441379,2.45472208772325,"Field Goal",0.5176847614556
"570",85,6,-0.582268610004625,2.51755183107199,"Field Goal",0.519256565216876
"571",86,6,-0.14421178205554,2.60064608539149,"Field Goal",0.520827987908111
"572",87,6,0.110702355904308,2.62074679759544,"Field Goal",0.522398998536273
"573",88,6,-0.0636600778506602,2.64387859865168,"Field Goal",0.523969566140907
"574",89,6,-0.148974010800324,2.69515138303975,"Field Goal",0.525539659796574
"575",90,6,-0.32216062368108,2.69901414250845,"Field Goal",0.527109248615275
"576",91,6,-0.145137180543058,2.74142068589736,"Field Goal",0.528678301748878
"577",92,6,-0.214791345298722,2.75895985432474,"Field Goal",0.530246788391524
"578",93,6,-0.357257862962753,2.79271379996228,"Field Goal",0.531814677782044
"579",94,6,-0.208263723979336,2.82174805090138,"Field Goal",0.533381939206353
"580",1,7,-0.984243798390912,5.44,"Punt",0.350340963519276
"581",2,7,-0.705286101727305,4.99,"Punt",0.351775250673593
"582",3,7,-1.05985123469848,4.93,"Punt",0.353212217259103
"583",4,7,-0.765284385655923,5.16,"Punt",0.354651842232947
"584",5,7,-1.18144529424897,4.3,"Punt",0.356094104368775
"585",6,7,-0.756955058374641,4.78,"Punt",0.357538982257677
"586",7,7,-1.10014489126961,5.5,"Punt",0.358986454309153
"587",8,7,-0.886641745744461,4.89,"Punt",0.360436498752095
"588",9,7,-0.588242519823452,5.47,"Punt",0.361889093635803
"589",10,7,-0.620930919620056,4.73,"Punt",0.363344216831025
"590",11,7,-0.552319514942992,4.99,"Punt",0.36480184603102
"591",12,7,-0.550678794938429,5.42,"Punt",0.366261958752648
"592",13,7,-0.742225321201641,5.46,"Punt",0.367724532337485
"593",14,7,-0.721716066618203,5.56,"Punt",0.36918954395296
"594",15,7,-0.77092081553689,4.81,"Punt",0.370656970593523
"595",16,7,-0.806433540447134,4.75,"Punt",0.372126789081833
"596",17,7,-0.910137235848848,5.36,"Punt",0.373598976069972
"597",18,7,-0.590605334483189,5.41,"Punt",0.375073508040685
"598",19,7,-0.724936280739986,5.09,"Punt",0.376550361308644
"599",20,7,-0.508719635793534,4.94,"Punt",0.378029512021733
"600",21,7,-1.22597326305528,4.96,"Punt",0.379510936162368
"601",22,7,-1.14101304203952,5.13,"Punt",0.380994609548829
"602",23,7,-0.750771675928497,5.07,"Punt",0.382480507836621
"603",24,7,-0.422130075756467,4.92,"Punt",0.383968606519863
"604",25,7,-0.291706782080346,5.32,"Punt",0.385458880932697
"605",26,7,-0.531049182055717,5.01,"Punt",0.386951306250719
"606",27,7,-0.923569066745372,5.29,"Punt",0.388445857492441
"607",28,7,-0.443155358029381,4.84,"Punt",0.389942509520768
"608",29,7,-1.07197521725135,5.17,"Punt",0.391441237044503
"609",30,7,-0.883922295877237,5.29,"Punt",0.392942014619878
"610",31,7,-0.369330162124105,5.42,"Punt",0.3944448166521
"611",32,7,-0.564979993166025,5.01,"Punt",0.39594961739693
"612",33,7,-0.702113413677616,5.2,"Punt",0.397456390962277
"613",34,7,-1.0180694669555,4.97,"Punt",0.398965111309815
"614",35,7,-1.32296654112485,4.98,"Punt",0.400475752256631
"615",36,7,-0.46689255734715,4.25,"Punt",0.401988287476883
"616",37,7,-0.737603579255713,5.17,"Punt",0.403502690503492
"617",38,7,-0.777911031396179,4.75,"Punt",0.405018934729842
"618",39,7,-0.72789856259058,5.23,"Punt",0.406536993411518
"619",40,7,-0.253758568011595,4.88,"Punt",0.408056839668053
"620",41,7,-0.791663775887504,4.76,"Punt",0.409578446484699
"621",42,7,-0.842087276354863,4.55,"Punt",0.411101786714224
"622",43,7,-0.661307769059992,4.89,"Punt",0.412626833078724
"623",44,7,-0.530088837842014,3.64,"Punt",0.414153558171458
"624",45,7,-0.769614675393182,4.61,"Punt",0.415681934458701
"625",46,7,-0.819863579067106,4.75,"Punt",0.417211934281624
"626",47,7,-0.721308231276359,4.31,"Punt",0.418743529858182
"627",48,7,-0.457509760434671,4.28,"Punt",0.420276693285037
"628",49,7,-0.661989493732959,4.59,"Punt",0.421811396539481
"629",50,7,-0.751123028497125,4.28,"Punt",0.423347611481399
"630",51,7,-1.07964460764477,4.51,"Punt",0.424885309855234
"631",52,7,-0.849387096473437,4.01,"Punt",0.426424463291978
"632",53,7,-0.959882650237784,4.57,"Punt",0.427965043311183
"633",54,7,-0.677125544255025,4.01,"Punt",0.429507021322982
"634",55,7,-0.918811424287658,4.21,"Punt",0.431050368630138
"635",56,7,-0.934109606578118,4.59,"Punt",0.432595056430102
"636",57,7,-1.01248818090106,3.8,"Punt",0.43414105581709
"637",58,7,-0.558968056470713,4.4,"Punt",0.435688337784181
"638",59,7,-0.712610217603794,3.51,"Punt",0.437236873225424
"639",60,7,-0.615708992148592,-0.682938036163198,"Go For It",0.43878663293797
"640",61,7,-0.817986165817522,-0.547112004745446,"Field Goal",0.44033758762421
"641",62,7,-0.57603196829623,-0.0469846728151633,"Field Goal",0.441889707893937
"642",63,7,-1.1581525805347,-0.231872042261822,"Field Goal",0.443442964266519
"643",64,7,-0.860126247160308,-0.0146009904972617,"Field Goal",0.444997327173085
"644",65,7,-0.631714543979687,0.352773427725734,"Field Goal",0.44655276695873
"645",66,7,-0.559470494105084,0.547212702511717,"Field Goal",0.448109253884731
"646",67,7,-0.506422531193061,0.795133759221279,"Field Goal",0.44966675813078
"647",68,7,-0.996651834460852,0.706654822964173,"Field Goal",0.451225249797223
"648",69,7,-1.32568833273575,0.879040386973901,"Field Goal",0.452784698907323
"649",70,7,-0.838265234363614,1.09181675738283,"Field Goal",0.454345075409524
"650",71,7,-0.977575031988972,1.24472324797758,"Field Goal",0.45590634917974
"651",72,7,-0.960740414863334,1.30718328755661,"Field Goal",0.457468490023643
"652",73,7,-0.999694518494451,1.48850741466804,"Field Goal",0.459031467678972
"653",74,7,-0.615921297657709,1.66536650079159,"Field Goal",0.46059525181785
"654",75,7,-0.583265804328527,1.77778217916413,"Field Goal",0.462159812049112
"655",76,7,-1.06865043163899,1.84895551718917,"Field Goal",0.463725117920641
"656",77,7,-0.832229370231822,1.93113106505826,"Field Goal",0.465291138921722
"657",78,7,-1.08617616360934,2.01246303998284,"Field Goal",0.466857844485394
"658",79,7,-0.719648757918357,2.18773978740246,"Field Goal",0.468425203990825
"659",80,7,-0.329966974093364,2.23973253371937,"Field Goal",0.46999318676568
"660",81,7,-0.734144613466713,2.28100229715277,"Field Goal",0.471561762088515
"661",82,7,-0.802254160142004,2.37134896789356,"Field Goal",0.473130899191166
"662",83,7,-0.201935911667485,2.46727909456914,"Field Goal",0.47470056726115
"663",84,7,-0.608410360574038,2.52199243514529,"Field Goal",0.476270735444076
"664",85,7,-0.610506957962435,2.52282128922776,"Field Goal",0.47784137284606
"665",86,7,-0.170522751257933,2.58475667234341,"Field Goal",0.479412448536146
"666",87,7,-0.902308274244917,2.58626923374048,"Field Goal",0.480983931548739
"667",88,7,-0.386300113661133,2.66637958634319,"Field Goal",0.482555790886034
"668",89,7,-0.711895720047098,2.68577142559481,"Field Goal",0.484127995520459
"669",90,7,-0.515268313842248,2.71983262503131,"Field Goal",0.485700514397119
"670",91,7,-0.912249349032308,2.73855465901691,"Field Goal",0.487273316436246
"671",92,7,-0.666609564420193,2.76671680776125,"Field Goal",0.488846370535654
"672",93,7,-0.551396581231749,2.7867543217112,"Field Goal",0.490419645573192
"673",1,8,-0.881774244488862,5.39,"Punt",0.313609573244864
"674",2,8,-1.05491519338585,5.24,"Punt",0.314966388670994
"675",3,8,-1.37428695883828,4.85,"Punt",0.316326368982042
"676",4,8,-1.40397141102474,5.1,"Punt",0.317689498217493
"677",5,8,-0.745071540492624,4.93,"Punt",0.319055760217737
"678",6,8,-1.02198243999994,5.38,"Punt",0.320425138624345
"679",7,8,-1.17326871113008,4.93,"Punt",0.32179761688037
"680",8,8,-1.40327022384239,5.58,"Punt",0.323173178230676
"681",9,8,-1.38781162895157,4.83,"Punt",0.32455180572229
"682",10,8,-1.27533728513971,4.58,"Punt",0.325933482204773
"683",11,8,-0.488517199350008,4.71,"Punt",0.327318190330626
"684",12,8,-1.06942562502535,5.4,"Punt",0.32870591255571
"685",13,8,-0.842237083922473,5.38,"Punt",0.330096631139701
"686",14,8,-1.10957020902883,5.06,"Punt",0.331490328146557
"687",15,8,-1.18078199419686,4.79,"Punt",0.332886985445026
"688",16,8,-0.994592018216984,5.15,"Punt",0.334286584709162
"689",17,8,-1.00809130100441,4.49,"Punt",0.335689107418881
"690",18,8,-0.780634356036115,4.67,"Punt",0.337094534860531
"691",19,8,-0.936987629494785,4.69,"Punt",0.338502848127494
"692",20,8,-1.16860211763285,4.88,"Punt",0.33991402812081
"693",21,8,-1.2518116167227,5.06,"Punt",0.341328055549826
"694",22,8,-1.06960957387091,5.02,"Punt",0.342744910932875
"695",23,8,-1.09517793601701,4.75,"Punt",0.344164574597971
"696",24,8,-0.877658468107386,4.95,"Punt",0.34558702668354
"697",25,8,-1.03383002069027,4.73,"Punt",0.347012247139168
"698",26,8,-0.799476536124077,4.98,"Punt",0.34844021572638
"699",27,8,-1.10828829804597,5.16,"Punt",0.349870912019442
"700",28,8,-0.986417716475948,5.16,"Punt",0.351304315406187
"701",29,8,-1.6330757678593,5.05,"Punt",0.352740405088869
"702",30,8,-1.41841885636404,4.98,"Punt",0.354179160085042
"703",31,8,-1.37756373501567,5.16,"Punt",0.355620559228463
"704",32,8,-0.935027770508184,4.92,"Punt",0.357064581170023
"705",33,8,-1.41319665365799,4.91,"Punt",0.358511204378698
"706",34,8,-0.987555543860043,5.35,"Punt",0.359960407142534
"707",35,8,-0.866909549063564,4.72,"Punt",0.361412167569648
"708",36,8,-1.45310735192274,5.3,"Punt",0.362866463589261
"709",37,8,-1.3006371832764,4.93,"Punt",0.364323272952754
"710",38,8,-1.56482947121408,5.24,"Punt",0.365782573234747
"711",39,8,-1.10241965788155,4.67,"Punt",0.367244341834208
"712",40,8,-1.25397569692343,4.6,"Punt",0.368708555975584
"713",41,8,-1.05559887878634,5.21,"Punt",0.370175192709954
"714",42,8,-1.35734963324767,4.61,"Punt",0.371644228916216
"715",43,8,-1.23092902806362,4.44,"Punt",0.373115641302288
"716",44,8,-1.05029434689752,4.57,"Punt",0.374589406406343
"717",45,8,-1.42242036434235,4.04,"Punt",0.376065500598061
"718",46,8,-1.23996453425282,4.83,"Punt",0.377543900079913
"719",47,8,-0.914749431266209,4.21,"Punt",0.379024580888464
"720",48,8,-1.09473796897917,3.9,"Punt",0.380507518895703
"721",49,8,-0.94464440277041,4.17,"Punt",0.381992689810396
"722",50,8,-1.03903410889714,4.26,"Punt",0.383480069179465
"723",51,8,-1.47044183273798,3.56,"Punt",0.384969632389388
"724",52,8,-1.70885710676434,3.49,"Punt",0.386461354667627
"725",53,8,-0.865461911588011,4.29,"Punt",0.387955211084075
"726",54,8,-0.917901634502529,4.76,"Punt",0.389451176552533
"727",55,8,-1.26927595202681,4.14,"Punt",0.390949225832203
"728",56,8,-1.21920278481954,4.65,"Punt",0.392449333529211
"729",57,8,-1.36594886459213,4.62,"Punt",0.393951474098148
"730",58,8,-1.3860795208943,4.65,"Punt",0.395455621843639
"731",59,8,-1.3800786658729,4.14,"Punt",0.39696175092193
"732",60,8,-0.589327734166827,-0.312298412141678,"Field Goal",0.3984698353425
"733",61,8,-1.20218780760242,-0.511685168243619,"Field Goal",0.399979848969698
"734",62,8,-1.09400723938116,-0.276237965571434,"Field Goal",0.401491765524397
"735",63,8,-1.16549097327435,-0.0205874293294508,"Field Goal",0.403005558585675
"736",64,8,-1.08805392052076,0.0623207844728997,"Field Goal",0.404521201592514
"737",65,8,-1.51511574889517,0.14756206553393,"Field Goal",0.406038667845524
"738",66,8,-1.11378682557432,0.483503941537996,"Field Goal",0.407557930508685
"739",67,8,-0.740559077152727,0.833607935234868,"Field Goal",0.409078962611117
"740",68,8,-0.955842244966835,0.893194861287661,"Field Goal",0.41060173704886
"741",69,8,-1.10710317570433,0.950077311812096,"Field Goal",0.412126226586688
"742",70,8,-1.06925783160085,1.13396068175965,"Field Goal",0.413652403859931
"743",71,8,-1.05712736002769,1.29431951984062,"Field Goal",0.415180241376326
"744",72,8,-0.869597100192563,1.45981430261298,"Field Goal",0.416709711517889
"745",73,8,-0.885865353713387,1.6503880886687,"Field Goal",0.418240786542794
"746",74,8,-0.787095693067543,1.72201761062066,"Field Goal",0.419773438587293
"747",75,8,-1.03026510388438,1.78997387812508,"Field Goal",0.421307639667632
"748",76,8,-1.64447047082464,1.80859240956945,"Field Goal",0.422843361682005
"749",77,8,-1.50438848775196,1.89431728938924,"Field Goal",0.424380576412517
"750",78,8,-1.02820831514495,2.0899395930521,"Field Goal",0.425919255527167
"751",79,8,-0.697685166884049,2.18458333579911,"Field Goal",0.427459370581851
"752",80,8,-1.17651274865824,2.26746556079124,"Field Goal",0.429000893022384
"753",81,8,-1.25524391791427,2.29663268199727,"Field Goal",0.430543794186532
"754",82,8,-1.16231966816778,2.36268335216277,"Field Goal",0.432088045306075
"755",83,8,-0.651105242649304,2.47513422856343,"Field Goal",0.433633617508874
"756",84,8,-1.03661409970361,2.49935337591672,"Field Goal",0.435180481820962
"757",85,8,-0.903038065889261,2.52574876598096,"Field Goal",0.436728609168651
"758",86,8,-1.06475141500871,2.55350749334884,"Field Goal",0.438277970380651
"759",87,8,-0.673577467050069,2.63032389866626,"Field Goal",0.43982853619021
"760",88,8,-1.14730172981595,2.65036926817808,"Field Goal",0.441380277237267
"761",89,8,-0.849580237424648,2.68889807807646,"Field Goal",0.44293316407062
"762",90,8,-1.05626550046046,2.70959981158787,"Field Goal",0.444487167150111
"763",91,8,-1.01799433425131,2.73568863213646,"Field Goal",0.446042256848822
"764",92,8,-0.849802161351594,2.77533564491293,"Field Goal",0.447598403455288
"765",1,9,-1.57437388359237,5.15,"Punt",0.279074955499725
"766",2,9,-1.83581424022177,5.11,"Punt",0.280343383344648
"767",3,9,-1.58011670214473,4.51,"Punt",0.28161532429651
"768",4,9,-1.4959595537172,5,"Punt",0.282890767658021
"769",5,9,-1.61722176643668,4.9,"Punt",0.284169702533691
"770",6,9,-1.44378546071257,5.44,"Punt",0.285452117829525
"771",7,9,-1.50760181900447,5.29,"Punt",0.286738002252739
"772",8,9,-1.34830351035822,4.56,"Punt",0.28802734431149
"773",9,9,-1.70058481578401,4.96,"Punt",0.289320132314636
"774",10,9,-1.40060828254987,5.39,"Punt",0.290616354371507
"775",11,9,-1.43443265441035,5.34,"Punt",0.291915998391702
"776",12,9,-1.32862167436093,5.04,"Punt",0.293219052084908
"777",13,9,-1.41166827867906,5.09,"Punt",0.294525502960736
"778",14,9,-1.22706548887563,4.98,"Punt",0.295835338328581
"779",15,9,-1.29537794685221,4.91,"Punt",0.297148545297505
"780",16,9,-1.15587772058823,4.58,"Punt",0.298465110776135
"781",17,9,-1.38797350288161,4.74,"Punt",0.299785021472592
"782",18,9,-1.33709468327877,5.87,"Punt",0.301108263894434
"783",19,9,-1.49130743707079,4.81,"Punt",0.302434824348627
"784",20,9,-1.18953191530973,5.09,"Punt",0.303764688941537
"785",21,9,-1.71241755069271,4.93,"Punt",0.305097843578939
"786",22,9,-1.87678057074823,5.55,"Punt",0.306434273966057
"787",23,9,-1.67770211984913,5.26,"Punt",0.30777396560762
"788",24,9,-1.44867435861421,4.91,"Punt",0.30911690380795
"789",25,9,-1.39864535084917,4.37,"Punt",0.310463073671057
"790",26,9,-1.73938848848192,4.83,"Punt",0.311812460100777
"791",27,9,-1.64927379350123,5.35,"Punt",0.313165047800918
"792",28,9,-1.24769595150072,4.64,"Punt",0.314520821275437
"793",29,9,-1.89966584118308,5.01,"Punt",0.315879764828638
"794",30,9,-1.59165011756598,4.76,"Punt",0.317241862565394
"795",31,9,-1.56206830624689,5.02,"Punt",0.318607098391397
"796",32,9,-1.47302605011636,5.04,"Punt",0.319975456013425
"797",33,9,-1.42974427979304,4.62,"Punt",0.321346918939635
"798",34,9,-1.71314730693548,5.36,"Punt",0.322721470479889
"799",35,9,-1.57208338284869,4.41,"Punt",0.324099093746088
"800",36,9,-1.2538931546542,5.25,"Punt",0.325479771652547
"801",37,9,-1.60651274602346,4.67,"Punt",0.326863486916383
"802",38,9,-1.28032280162646,4.83,"Punt",0.328250222057933
"803",39,9,-1.73094117675688,4.55,"Punt",0.329639959401198
"804",40,9,-1.60787868049493,5.1,"Punt",0.331032681074303
"805",41,9,-1.55228343049116,4.48,"Punt",0.332428369009994
"806",42,9,-1.28521632207178,4.88,"Punt",0.333827004946153
"807",43,9,-1.35493058116028,4.92,"Punt",0.335228570426335
"808",44,9,-1.3457483514808,4.12,"Punt",0.336633046800342
"809",45,9,-1.82044312249241,5.06,"Punt",0.338040415224806
"810",46,9,-1.6080627091607,4.19,"Punt",0.33945065666381
"811",47,9,-1.60429934434162,4.54,"Punt",0.34086375188953
"812",48,9,-1.55028803798736,4.55,"Punt",0.3422796814829
"813",49,9,-1.5211005138077,4.79,"Punt",0.343698425834306
"814",50,9,-1.61021474437428,4.69,"Punt",0.345119965144303
"815",51,9,-1.32564467825428,4.27,"Punt",0.346544279424358
"816",52,9,-1.59778531291207,3.84,"Punt",0.347971348497617
"817",53,9,-1.50671596608259,4.29,"Punt",0.349401151999702
"818",54,9,-1.59271332636748,4.05,"Punt",0.35083366937953
"819",55,9,-1.24219521773757,3.77,"Punt",0.352268879900152
"820",56,9,-1.59393402542909,4.2,"Punt",0.353706762639631
"821",57,9,-1.41834331850203,4.31,"Punt",0.355147296491934
"822",58,9,-1.58921309530277,3.61,"Punt",0.356590460167851
"823",59,9,-1.15741441714292,4.06,"Punt",0.358036232195945
"824",60,9,-1.7359386284925,-0.90344515425195,"Field Goal",0.359484590923521
"825",61,9,-1.25644131287246,-0.449688204365422,"Field Goal",0.360935514517624
"826",62,9,-1.01932244386783,-0.134517748231194,"Field Goal",0.362388980966063
"827",63,9,-1.18615001091585,-0.0245001073467173,"Field Goal",0.363844968078455
"828",64,9,-1.31774118884799,0.0696466678033909,"Field Goal",0.365303453487302
"829",65,9,-1.42040863741964,0.301470587177783,"Field Goal",0.366764414649086
"830",66,9,-1.65912675750692,0.448464123002449,"Field Goal",0.368227828845394
"831",67,9,-1.43499765139915,0.759619135208736,"Field Goal",0.369693673184063
"832",68,9,-1.29758000915273,0.890451625429963,"Field Goal",0.371161924600358
"833",69,9,-1.90013747103109,0.802929396075836,"Field Goal",0.372632559858167
"834",70,9,-1.27945205559526,1.19483523919284,"Field Goal",0.374105555551226
"835",71,9,-1.38409817685969,1.23178509010026,"Field Goal",0.375580888104361
"836",72,9,-1.41335563589464,1.43008098799161,"Field Goal",0.37705853377477
"837",73,9,-1.4750168577626,1.55398723785932,"Field Goal",0.378538468653312
"838",74,9,-1.47562245616053,1.71035414683232,"Field Goal",0.380020668665829
"839",75,9,-1.06546931302099,1.80368953945616,"Field Goal",0.381505109574497
"840",76,9,-1.11966632010291,1.93246539502309,"Field Goal",0.38299176697919
"841",77,9,-1.58431274835589,1.97048372180789,"Field Goal",0.384480616318878
"842",78,9,-1.77695672249896,2.04368493450329,"Field Goal",0.385971632873043
"843",79,9,-1.87646335115641,2.09515054037062,"Field Goal",0.387464791763121
"844",80,9,-1.56933376395087,2.21486844048252,"Field Goal",0.388960067953967
"845",81,9,-1.60655499155039,2.28534407072068,"Field Goal",0.390457436255346
"846",82,9,-1.2530904753316,2.3997091648307,"Field Goal",0.391956871323446
"847",83,9,-1.62542611544999,2.40586622879561,"Field Goal",0.393458347662408
"848",84,9,-1.16483962732954,2.50323435749876,"Field Goal",0.394961839625894
"849",85,9,-1.28972345366043,2.54038614974698,"Field Goal",0.39646732141866
"850",86,9,-0.984753656670973,2.59376067307066,"Field Goal",0.397974767098167
"851",87,9,-1.57698826392811,2.5958463348113,"Field Goal",0.399484150576203
"852",88,9,-1.15921021517065,2.66681229764495,"Field Goal",0.400995445620538
"853",89,9,-1.40107115967077,2.68420809935399,"Field Goal",0.40250862585659
"854",90,9,-1.58976335230877,2.69548558614864,"Field Goal",0.404023664769123
"855",91,9,-1.40612977151778,2.74810808195174,"Field Goal",0.40554053570396
"856",1,10,-2.15783075109215,5.32,"Punt",0.246974918359549
"857",2,10,-1.95485635908809,4.77,"Punt",0.248147667119734
"858",3,10,-1.67619086999896,5.09,"Punt",0.249324140829808
"859",4,10,-1.24574342240722,5.05,"Punt",0.250504333838007
"860",5,10,-1.56766036768488,5.34,"Punt",0.251688240308887
"861",6,10,-2.21043821176559,5.38,"Punt",0.252875854222573
"862",7,10,-1.61475928653916,5.04,"Punt",0.254067169374017
"863",8,10,-1.62179843694999,4.67,"Punt",0.255262179372272
"864",9,10,-1.51131548875128,4.63,"Punt",0.25646087763978
"865",10,10,-1.78796538033022,5.56,"Punt",0.257663257411678
"866",11,10,-1.55499880814927,5.5,"Punt",0.258869311735115
"867",12,10,-1.51408711811338,4.77,"Punt",0.260079033468584
"868",13,10,-1.74862544805038,5.29,"Punt",0.261292415281276
"869",14,10,-1.50716854399595,4.77,"Punt",0.262509449652442
"870",15,10,-1.2935740899034,5.55,"Punt",0.263730128870777
"871",16,10,-1.88737685003316,5.08,"Punt",0.264954445033814
"872",17,10,-2.00119465305737,5.31,"Punt",0.266182390047341
"873",18,10,-1.89698137718895,5.06,"Punt",0.267413955624829
"874",19,10,-1.95723341309073,4.44,"Punt",0.268649133286886
"875",20,10,-1.40450316647162,5.54,"Punt",0.269887914360713
"876",21,10,-1.69781875969285,4.71,"Punt",0.271130289979592
"877",22,10,-1.70600581489051,5.3,"Punt",0.272376251082386
"878",23,10,-1.67781875219187,5.13,"Punt",0.273625788413053
"879",24,10,-1.81462145526309,5.63,"Punt",0.274878892520185
"880",25,10,-2.21274684044605,4.63,"Punt",0.27613555375656
"881",26,10,-1.81970587695728,5.02,"Punt",0.277395762278716
"882",27,10,-1.93980706712063,4.77,"Punt",0.278659508046541
"883",28,10,-1.79907508081302,4.75,"Punt",0.279926780822883
"884",29,10,-1.56015360116044,5.38,"Punt",0.281197570173179
"885",30,10,-1.91460043709663,5.36,"Punt",0.282471865465104
"886",31,10,-2.01627835184334,4.99,"Punt",0.283749655868241
"887",32,10,-2.36244533601545,5.05,"Punt",0.285030930353762
"888",33,10,-1.52589576521389,4.67,"Punt",0.286315677694143
"889",34,10,-1.93665573930127,4.64,"Punt",0.287603886462887
"890",35,10,-1.8639335051076,5.05,"Punt",0.288895545034275
"891",36,10,-2.16707174721777,5.13,"Punt",0.290190641583131
"892",37,10,-1.76676792571723,4.63,"Punt",0.291489164084616
"893",38,10,-1.99456588196958,5.11,"Punt",0.292791100314033
"894",39,10,-1.97844526531806,4.99,"Punt",0.294096437846661
"895",40,10,-1.85089403988729,4.36,"Punt",0.295405164057608
"896",41,10,-1.83713302933718,4.54,"Punt",0.296717266121683
"897",42,10,-1.50763003730413,4.54,"Punt",0.298032731013292
"898",43,10,-2.31221219404912,4.59,"Punt",0.299351545506355
"899",44,10,-1.88613503598441,4.49,"Punt",0.300673696174249
"900",45,10,-2.05188835593901,4.08,"Punt",0.301999169389761
"901",46,10,-1.61691693462375,4.15,"Punt",0.303327951325081
"902",47,10,-2.21981531097838,4.17,"Punt",0.304660027951801
"903",48,10,-2.2587848112524,4.51,"Punt",0.305995385040948
"904",49,10,-1.73289975641055,4.78,"Punt",0.307334008163033
"905",50,10,-2.15979828502087,4.67,"Punt",0.308675882688126
"906",51,10,-2.17960223853629,4.13,"Punt",0.310020993785956
"907",52,10,-1.7789939025802,3.91,"Punt",0.311369326426026
"908",53,10,-2.36650159045438,4.08,"Punt",0.312720865377762
"909",54,10,-1.60140789311542,4.22,"Punt",0.314075595210678
"910",55,10,-2.15982568709557,3.97,"Punt",0.315433500294567
"911",56,10,-1.74163492782664,3.93,"Punt",0.316794564799718
"912",57,10,-1.79975263345261,4.2,"Punt",0.318158772697151
"913",58,10,-2.04533040982507,4.47,"Punt",0.319526107758884
"914",59,10,-1.97618412030557,4.17,"Punt",0.320896553558214
"915",60,10,-1.97066112138169,-0.753312648319182,"Field Goal",0.322270093470033
"916",61,10,-2.19237049856892,-0.715389478129125,"Field Goal",0.323646710671162
"917",62,10,-1.71775300700297,-0.234555548706658,"Field Goal",0.325026388140708
"918",63,10,-1.73745165380422,-0.0362381413985153,"Field Goal",0.326409108660451
"919",64,10,-1.98690066682567,0.084298434464374,"Field Goal",0.327794854815251
"920",65,10,-2.07437410705446,0.150982254903793,"Field Goal",0.329183608993483
"921",66,10,-1.71035771440145,0.594994273242009,"Field Goal",0.330575353387492
"922",67,10,-2.39697959935926,0.419270655088531,"Field Goal",0.33197006999408
"923",68,10,-1.52972955876601,1.03858636174567,"Field Goal",0.333367740615011
"924",69,10,-1.59987290647622,1.0363364348299,"Field Goal",0.334768346857546
"925",70,10,-1.65377191995262,1.18312859353261,"Field Goal",0.336171870134998
"926",71,10,-1.41663670957718,1.36116666887342,"Field Goal",0.337578291667319
"927",72,10,-1.93300774734862,1.38448990557217,"Field Goal",0.338987592481705
"928",73,10,-1.72023020201986,1.58854603343249,"Field Goal",0.34039975341323
"929",74,10,-2.15465131812975,1.5903870907237,"Field Goal",0.341814755105507
"930",75,10,-2.13602375814825,1.70310802302827,"Field Goal",0.343232578011368
"931",76,10,-1.8470518189365,1.90323693778122,"Field Goal",0.344653202393579
"932",77,10,-1.95343919749175,1.94636435154199,"Field Goal",0.346076608325568
"933",78,10,-1.76737401952109,2.0725940960963,"Field Goal",0.347502775692191
"934",79,10,-1.89310415912728,2.15512312083443,"Field Goal",0.348931684190514
"935",80,10,-1.77994316249318,2.21486844048252,"Field Goal",0.350363313330625
"936",81,10,-2.27329656188298,2.24974152746376,"Field Goal",0.35179764243647
"937",82,10,-1.81044077648997,2.38395349986562,"Field Goal",0.353234650646717
"938",83,10,-1.70246371606769,2.43371624932081,"Field Goal",0.354674316915639
"939",84,10,-1.71739706787935,2.49676605486202,"Field Goal",0.356116620014029
"940",85,10,-1.89406807630222,2.52399227992904,"Field Goal",0.357561538530141
"941",86,10,-1.90121582690298,2.5635707882793,"Field Goal",0.359009050870647
"942",87,10,-1.86831424849386,2.598240610079,"Field Goal",0.360459135261631
"943",88,10,-1.75393966245593,2.65945620551503,"Field Goal",0.361911769749601
"944",89,10,-1.78071716797421,2.67951812063153,"Field Goal",0.363366932202528
"945",90,10,-1.85403559101215,2.70501268832012,"Field Goal",0.364824600310911
